<keymap version="1" name="Default for macOS copy" parent="Mac OS X 10.5+">
  <action id="CodeMenu">
    <keyboard-shortcut first-keystroke="ctrl meta alt n" />
  </action>
  <action id="GoToMenu">
    <keyboard-shortcut first-keystroke="shift meta n" />
  </action>
  <action id="NewScratchFile" />
  <action id="RefactoringMenu">
    <keyboard-shortcut first-keystroke="ctrl meta alt r" />
  </action>
  <action id="ViewMenu">
    <keyboard-shortcut first-keystroke="ctrl meta n" />
  </action>
</keymap>