<application>
  <component name="FileTypeManager" version="17">
    <ignoreFiles list="*$py.class;*.hprof;*.pyc;*.pyo;*.rbc;*.yarb;*~;.DS_Store;.git;.hg;.svn;CVS;RCS;SCCS;__pycache__;_svn;rcs;vssver.scc;vssver2.scc;" />
    <extensionMap>
      <mapping pattern="health_tank_contexts" type="PLAIN_TEXT" />
      <mapping pattern="health-YaMD-tests-backend-initial" type="PLAIN_TEXT" />
      <mapping pattern="Makefile" type="PLAIN_TEXT" />
      <mapping pattern="stdout" type="PLAIN_TEXT" />
      <mapping ext="make" type="PLAIN_TEXT" />
      <mapping ext="ods" type="PLAIN_TEXT" />
      <mapping ext="amno" type="PLAIN_TEXT" />
      <mapping ext="1" type="PLAIN_TEXT" />
      <mapping ext="ammo" type="PLAIN_TEXT" />
      <mapping ext="conf" type="PLAIN_TEXT" />
      <mapping ext="0" type="PLAIN_TEXT" />
      <mapping ext="out" type="PLAIN_TEXT" />
      <mapping pattern="trigger_update_flashcard_history" type="SQL" />
      <mapping ext="fnc" type="DBN-PSQL" />
      <mapping ext="pkb" type="DBN-PSQL" />
      <mapping ext="pkg" type="DBN-PSQL" />
      <mapping ext="pks" type="DBN-PSQL" />
      <mapping ext="prc" type="DBN-PSQL" />
      <mapping ext="tpb" type="DBN-PSQL" />
      <mapping ext="tpe" type="DBN-PSQL" />
      <mapping ext="tps" type="DBN-PSQL" />
      <mapping ext="trg" type="DBN-PSQL" />
      <mapping ext="vw" type="DBN-SQL" />
    </extensionMap>
  </component>
</application>