<application>
  <component name="ProjectManager">
    <defaultProject>
      <component name="InspectionProjectProfileManager">
        <option name="PROJECT_PROFILE" />
        <version value="1.0" />
      </component>
      <component name="PropertiesComponent">
        <property name="last_opened_file_path" value="$USER_HOME$/anaconda/envs/playground_celery/bin/python3.6" />
        <property name="nodejs_interpreter_path.stuck_in_default_project" value="undefined stuck path" />
      </component>
    </defaultProject>
  </component>
</application>